<isatab-config-file xmlns="http://www.ebi.ac.uk/bii/isatab_configuration#"><isatab-configuration table-name="cellsorting_flowcyt" isatab-assay-type="generic_assay" isatab-conversion-target="generic"><measurement term-label="cell sorting" term-accession="" source-abbreviation=""/><technology term-label="flow cytometry" term-accession="http://purl.obolibrary.org/obo/OBI_0000916" source-abbreviation="OBI"/><field header="Sample Name" data-type="String" is-file-field="false" is-multiple-value="true" is-required="true" is-hidden="false" is-forced-ontology="false"><description><![CDATA[the name identifying the sample]]></description><default-value><![CDATA[]]></default-value><generated-value-template>[INSTITUTION].Group-[GROUP_NO].Subject-[SUBJECT_NO].[SAMPLE_EXTRACT]
            </generated-value-template></field><protocol-field protocol-type ="labeling"/><field header="Assay Name" data-type="String" is-file-field="false" is-multiple-value="false" is-required="true" is-hidden="false" is-forced-ontology="false"><description><![CDATA[the name identifying the assay]]></description><default-value><![CDATA[]]></default-value><generated-value-template>
                [INSTITUTION].Group-[GROUP_NO].Subject-[SUBJECT_NO].[SAMPLE_EXTRACT].Extract-[EXTRACT_COUNT].LE-[LABEL_COUNT].ASSAY-[HYB_COUNT]
            </generated-value-template></field><protocol-field protocol-type ="data collection"/><field header="Parameter Value[flow cytometry instrument]" data-type="Ontology term" is-file-field="false" is-multiple-value="false" is-required="false" is-hidden="false" is-forced-ontology="false"><description><![CDATA[the name of the flow cytometer used]]></description><default-value></default-value></field><field header="Parameter Value[optical path]" data-type="String" is-file-field="false" is-multiple-value="false" is-required="false" is-hidden="false" is-forced-ontology="false"><description><![CDATA[the optical path]]></description><default-value><![CDATA[]]></default-value></field><field header="Parameter Value[detector voltage]" data-type="Integer" is-file-field="false" is-multiple-value="false" is-required="false" is-hidden="false" is-forced-ontology="false"><description><![CDATA[a voltage value]]></description><default-value><![CDATA[]]></default-value></field><unit-field data-type="Ontology term" is-multiple-value="false" is-required="false" is-forced-ontology="false"><description>voltage"</description><recommended-ontologies><ontology id="1112" abbreviation="UO" name="Units of measurement" version="49778"/></recommended-ontologies></unit-field><field header="Image File" data-type="String" is-file-field="true" is-multiple-value="false" is-required="false" is-hidden="false" is-forced-ontology="false"><description><![CDATA[a path to an image file]]></description><default-value><![CDATA[]]></default-value></field><field header="Raw Data File" data-type="String" is-file-field="true" is-multiple-value="false" is-required="false" is-hidden="false" is-forced-ontology="false"><description><![CDATA[fcs files]]></description><default-value><![CDATA[]]></default-value></field><protocol-field protocol-type ="gating"/><field header="Data Transformation Name" data-type="String" is-file-field="false" is-multiple-value="false" is-required="false" is-hidden="false" is-forced-ontology="false"><description><![CDATA[the name identifying the sample]]></description><default-value><![CDATA[]]></default-value></field><field header="Derived Data File" data-type="String" is-file-field="true" is-multiple-value="false" is-required="false" is-hidden="false" is-forced-ontology="false"><description><![CDATA[a derived data file (e.g gating.ml file)]]></description><default-value><![CDATA[]]></default-value></field><structured-field name="factors"/></isatab-configuration></isatab-config-file>