<isatab-config-file xmlns="http://www.ebi.ac.uk/bii/isatab_configuration#">
<isatab-configuration table-name="protein_expression_ge" isatab-assay-type="gel_electrophoresis_assay" isatab-conversion-target="generic"><measurement term-label="protein expression profiling" term-accession="http://purl.obolibrary.org/obo/OBI_0000615" source-abbreviation="OBI"/><technology term-label="gel electrophoresis" term-accession="http://purl.obolibrary.org/obo/OBI_0600053" source-abbreviation="OBI"/><field header="Sample Name" data-type="String" is-file-field="false" is-multiple-value="true" is-required="true" is-hidden="false" is-forced-ontology="false"><description><![CDATA[Samples represent major outputs resulting from a protocol application other than the special case outputs of Extract or a Labeled Extract.]]></description><default-value><![CDATA[]]></default-value><generated-value-template>[INSTITUTION].Group-[GROUP_NO].Subject-[SUBJECT_NO].[SAMPLE_EXTRACT]
            </generated-value-template></field><protocol-field protocol-type ="protein extraction"/><field header="Extract Name" data-type="String" is-file-field="false" is-multiple-value="false" is-required="true" is-hidden="false" is-forced-ontology="false"><description><![CDATA[User-defined names for each portion of extracted material.]]></description><default-value><![CDATA[]]></default-value><generated-value-template>
                [INSTITUTION].Group-[GROUP_NO].Subject-[SUBJECT_NO].[SAMPLE_EXTRACT].Extract-[EXTRACT_COUNT]
            </generated-value-template></field><protocol-field protocol-type ="labeling"/><field header="Labeled Extract Name" data-type="String" is-file-field="false" is-multiple-value="false" is-required="false" is-hidden="false" is-forced-ontology="false"><description><![CDATA[Identifier for the labeled extract.]]></description><default-value><![CDATA[]]></default-value><generated-value-template>
                [INSTITUTION].Group-[GROUP_NO].Subject-[SUBJECT_NO].[SAMPLE_EXTRACT].Extract-[EXTRACT_COUNT].LE-[LABEL_COUNT]
            </generated-value-template></field><field header="Label" data-type="Ontology term" is-file-field="false" is-multiple-value="false" is-required="false" is-hidden="false" is-forced-ontology="false"><description><![CDATA[Indicates a chemical or biological marker, such as a radioactive isotope or a fluorescent dye which is bound to a material in order to make it detectable by some assay technology (e.g. P33, biotin, GFP).]]></description><default-value></default-value><recommended-ontologies><ontology id="1007" abbreviation="CHEBI" name="Chemical entities of biological interest" version="49736"/></recommended-ontologies></field><protocol-field protocol-type ="electrophoresis"/><field header="Gel Electrophoresis Assay Name" data-type="String" is-file-field="false" is-multiple-value="false" is-required="true" is-hidden="false" is-forced-ontology="false"><description><![CDATA[User-defined name for a gel electrophoresis assay.]]></description><default-value><![CDATA[]]></default-value><generated-value-template>
                [INSTITUTION].Group-[GROUP_NO].Subject-[SUBJECT_NO].[SAMPLE_EXTRACT].Extract-[EXTRACT_COUNT].LE-[LABEL_COUNT].GEASSAY-[HYB_COUNT]
            </generated-value-template></field><field header="First Dimension" data-type="Ontology term" is-file-field="false" is-multiple-value="false" is-required="true" is-hidden="false" is-forced-ontology="false"><description><![CDATA[First dimension of the 2d gel]]></description><default-value></default-value></field><field header="Second Dimension" data-type="Ontology term" is-file-field="false" is-multiple-value="false" is-required="true" is-hidden="false" is-forced-ontology="false"><description><![CDATA[Second dimension of the 2d gel.]]></description><default-value></default-value></field><protocol-field protocol-type ="data collection"/><field header="Scan Name" data-type="String" is-file-field="false" is-multiple-value="false" is-required="false" is-hidden="false" is-forced-ontology="false"><description><![CDATA[User-defined name for each scan event.]]></description><default-value><![CDATA[]]></default-value></field><field header="Image File" data-type="String" is-file-field="true" is-multiple-value="false" is-required="false" is-hidden="false" is-forced-ontology="false"><description><![CDATA[Name (or URI) of the image files generated by an assay]]></description><default-value><![CDATA[]]></default-value></field><field header="Raw Data File" data-type="String" is-file-field="true" is-multiple-value="false" is-required="true" is-hidden="false" is-forced-ontology="false"><description><![CDATA[Name (or URI) of the raw data file generated by an assay.]]></description><default-value><![CDATA[]]></default-value></field><protocol-field protocol-type ="normalization"/><field header="Normalization Name" data-type="String" is-file-field="false" is-multiple-value="false" is-required="false" is-hidden="false" is-forced-ontology="false"><description><![CDATA[User-defined name for each normalization applied]]></description><default-value><![CDATA[]]></default-value></field><protocol-field protocol-type ="data transformation"/><field header="Data Transformation Name" data-type="String" is-file-field="false" is-multiple-value="false" is-required="false" is-hidden="false" is-forced-ontology="false"><description><![CDATA[User-defined name for each data transformation applied]]></description><default-value><![CDATA[]]></default-value></field><field header="Derived Data File" data-type="String" is-file-field="true" is-multiple-value="false" is-required="false" is-hidden="false" is-forced-ontology="false"><description><![CDATA[Name (or URI) of the data file generated by an assay.]]></description><default-value><![CDATA[]]></default-value></field><structured-field name="factors"/></isatab-configuration></isatab-config-file>
